model,accuracy,ARI,F1_weighted
DNN,0.9211428571428572,0.8355855557485877,0.9214333540280685
CNN,0.8731428571428571,0.7453913714003794,0.8731214548855708
SVM,0.9017142857142857,0.8004667327147147,0.9017598791427622
