model,accuracy,ARI,F1_weighted
DNN,0.8868571428571429,0.7699390753194991,0.8872913870611804
CNN,0.8411428571428572,0.6959674543756739,0.8400964752984916
