model,accuracy,ARI,F1_weighted
DNN,0.8937142857142857,0.7831890517500152,0.8940728266848057
CNN,0.8605714285714285,0.7206944027106829,0.8605284588070252
SVM,0.8788571428571429,0.758265243894097,0.8785642540559485
