model,accuracy,ARI,F1_weighted
DNN,0.896,0.790769555647297,0.895794549554238
CNN,0.8491428571428571,0.7013751180568615,0.849377301450626
SVM,0.8788571428571429,0.758265243894097,0.8785642540559485
